"model","season","n","mae mean","mae sd","rmse mean","rmse sd","mape mean","mape sd","r mean","r sd","r2 mean","r2 sd"
"svr__kernel=radial__gamma=0.0002441__epsilon=0.03125__cost=16",1,1,29.3339209735648,NA,44.7480959340825,NA,104.800692953179,NA,0.623017117542795,NA,0.278021338533918,NA
"neural_network__hidden=15__activation=relu__epochs=100__min_delta=1e-04__patience_ratio=0.25__batch_size=32__learning_rate=0.1__epsilon=1e-08__l2=0.1",1,6,31.1130445660249,0.925711136224542,44.7972941521791,1.00618077467541,126.101741256761,8.87713538136173,0.574765862439472,0.0485956457040439,0.276128718624063,0.0324962612868751
"svr__kernel=radial__gamma=0.0002441__epsilon=0.125__cost=0.25",2,1,9.97406350948274,NA,14.7511675596176,NA,86.1611095449657,NA,0.390244224809174,NA,0.150860928357921,NA
"neural_network__hidden=10-5__activation=relu__epochs=100__min_delta=1e-04__patience_ratio=0.25__batch_size=32__learning_rate=0.001__epsilon=1e-05__l2=0.001",2,5,11.5993825945045,0.114001241582882,15.8199853240097,0.136031906127218,109.52601824501,0.976796282197347,0.428729277636172,0.0095601626707941,0.0232939614660205,0.0167652239984313
"svr__kernel=radial__gamma=0.0002441__epsilon=0.125__cost=0.25",3,1,6.5312793398429,NA,8.22124211696842,NA,93.7735106649464,NA,0.266190552036736,NA,-0.00801708549440217,NA
"neural_network__hidden=5__activation=relu__epochs=100__min_delta=1e-04__patience_ratio=0.25__batch_size=32__learning_rate=0.01__epsilon=1e-07__l2=1",3,5,7.32885491308741,0.379343995481612,9.02920041824539,0.334938681342082,108.080658772542,7.22893479785921,0.276555278472781,0.0037729280500468,-0.217220970457076,0.0914630576063435
"svr__kernel=radial__gamma=0.0009766__epsilon=0.125__cost=1",4,1,15.6982907427357,NA,21.8758706110494,NA,101.778095951541,NA,0.456028079264777,NA,0.196871843826458,NA
"neural_network__hidden=10__activation=relu__epochs=100__min_delta=1e-04__patience_ratio=0.25__batch_size=32__learning_rate=0.01__epsilon=1e-07__l2=1",4,5,17.3619671612026,0.98106510357575,22.7457381569159,0.520044202535598,130.046944800323,21.8266471578778,0.405109761852257,0.0312930757261644,0.131368031562196,0.0398754026743831
