"model","season","n","mae mean","mae sd","rmse mean","rmse sd","mape mean","mape sd","r mean","r sd","r2 mean","r2 sd"
"svr__kernel=radial__gamma=0.0002441__epsilon=0.5__cost=64",1,1,36.9864116491193,NA,55.7915165471685,NA,119.723634543018,NA,0.612218303482005,NA,0.30515062779814,NA
"neural_network__hidden=10__activation=relu__epochs=100__min_delta=1e-04__patience_ratio=0.25__batch_size=32__learning_rate=0.1__epsilon=1e-08__l2=0.1",1,6,39.4944605436024,0.822828428109567,56.1953614999463,1.21379106444581,150.87768600779,8.49842967891932,0.581711967859824,0.027834370715597,0.294780865196798,0.030235374001666
"svr__kernel=radial__gamma=0.0002441__epsilon=0.125__cost=0.25",2,1,9.59002781046773,NA,15.5115008266925,NA,67.0295993446413,NA,0.427042272030641,NA,0.162623172010521,NA
"neural_network__hidden=20-10-5-3__activation=relu__epochs=100__min_delta=1e-04__patience_ratio=0.25__batch_size=32__learning_rate=0.001__epsilon=1e-05__l2=0.001",2,6,11.0386197060479,0.15272436742484,16.1387849833681,0.368954250323963,90.5943750588114,2.11279260332766,0.453761755685597,0.0115813844344579,0.0931319987389029,0.0412710054075191
"svr__kernel=radial__gamma=0.0002441__epsilon=0.03125__cost=1",3,1,5.69862661135546,NA,7.07165130990167,NA,85.194478882292,NA,0.415710502198984,NA,0.0593200003168721,NA
"neural_network__hidden=10-5__activation=relu__epochs=100__min_delta=1e-04__patience_ratio=0.25__batch_size=32__learning_rate=0.001__epsilon=1e-05__l2=0.001",3,5,6.17409452187197,0.140708249688628,7.71131382667522,0.13053831480649,94.142777242441,3.37259618563631,0.418113359192322,0.0147660500266626,-0.118810517207806,0.0376602491865672
"svr__kernel=radial__gamma=0.0009766__epsilon=0.125__cost=1",4,1,16.3304860257446,NA,23.0342808345253,NA,100.800619661799,NA,0.447207393254845,NA,0.191486570607365,NA
"neural_network__hidden=15__activation=relu__epochs=100__min_delta=1e-04__patience_ratio=0.25__batch_size=32__learning_rate=0.1__epsilon=1e-08__l2=0.1",4,5,18.1118566415958,0.475328353610413,23.7246300120344,0.360545186387123,128.937904788512,5.98114284951043,0.438533676774528,0.00617973768920631,0.142138746250651,0.0260545434204174
