"","Variable","GIOS Bujaka","GIOS Bulwarowa","GIOS Krasinskiego"
"4","humidity [%]",4.31006387693912,4.31006387693912,4.31006387693912
"8","incomplete rows [%]",11.8449354712554,8.90366314691696,8.31052014078999
"1","PM2.5 [%]",6.95476469821405,3.87987224612176,3.60937296310781
"3","precipitation rate [%]",3.43990353278582,3.43990353278582,3.43990353278582
"5","pressure [%]",4.81195411289271,4.81195411289271,4.81195411289271
"2","temperature [%]",4.32309998696389,4.32309998696389,4.32309998696389
"7","wind direction [%]",3.51486116542824,3.51486116542824,3.51486116542824
"6","wind speed [%]",3.51486116542824,3.51486116542824,3.51486116542824
