"model","season","training.strategy","n","mae.mean","mae.sd","rmse.mean","rmse.sd","mape.mean","mape.sd","r.mean","r.sd","r2.mean","r2.sd"
"svr__kernel=radial__gamma=0.0002441__epsilon=0.5__cost=4",1,"year",1,28.4129440250153,NA,44.36125824643,NA,88.7463756838022,NA,0.623926041134066,NA,0.290450084620739,NA
"neural_network__hidden=10-5-3__activation=relu__epochs=100__min_delta=1e-04__patience_ratio=0.25__batch_size=32__learning_rate=0.001__epsilon=1e-04__l2=0.1",1,"year",5,29.3714812463966,0.256538398634902,43.8744059226757,0.197877972860286,109.150004513042,3.42290209690425,0.612877657912146,0.00484224272253863,0.305927550188382,0.0062656939726946
"svr__kernel=radial__gamma=0.0002441__epsilon=0.125__cost=0.25",2,"season_and_year",1,9.97406350948274,NA,14.7511675596176,NA,86.1611095449657,NA,0.390244224809174,NA,0.150860928357921,NA
"neural_network__hidden=10-5__activation=relu__epochs=100__min_delta=1e-04__patience_ratio=0.25__batch_size=32__learning_rate=0.001__epsilon=1e-05__l2=0.001",2,"season_and_year",5,11.5993825945045,0.114001241582882,15.8199853240097,0.136031906127218,109.52601824501,0.976796282197347,0.428729277636172,0.0095601626707941,0.0232939614660205,0.0167652239984313
"svr__kernel=radial__gamma=0.0002441__epsilon=0.125__cost=0.25",3,"season_and_year",1,6.5312793398429,NA,8.22124211696842,NA,93.7735106649464,NA,0.266190552036736,NA,-0.00801708549440217,NA
"neural_network__hidden=5__activation=relu__epochs=100__min_delta=1e-04__patience_ratio=0.25__batch_size=32__learning_rate=0.01__epsilon=1e-07__l2=1",3,"season_and_year",5,7.32885491308741,0.379343995481612,9.02920041824539,0.334938681342082,108.080658772542,7.22893479785921,0.276555278472781,0.0037729280500468,-0.217220970457076,0.0914630576063435
"svr__kernel=radial__gamma=0.0002441__epsilon=0.5__cost=4",4,"year",1,15.631488598806,NA,22.0549443851086,NA,96.5169443894726,NA,0.447383353685687,NA,0.183669367218396,NA
"neural_network__hidden=5-3__activation=relu__epochs=100__min_delta=1e-04__patience_ratio=0.25__batch_size=32__learning_rate=0.01__epsilon=1e-06__l2=0.001",4,"year",6,16.0307046162089,0.221329736622746,21.8937503291878,0.19278132257728,109.0067411143,5.11438461910112,0.449810168550989,0.0151825263194141,0.195506496252928,0.0141495675480005
